[
  {
    "title": "Betal- och nöd nummer inom EU/EES",
    "hero": {
      "title": "Betal- och nöd nummer inom EU/EES",
      "description": "Här kan du hitta informationen om betal- och nödnummer som gäller inom EU/EES.",
      "image": {
        "height": 353,
        "width": 300,
        "description": "logo",
        "src": "/images/fello-mobil.svg"
      },
      "childItems": [],
      "reverse": true
    },
    "countryList": [
      { "name": "Afghanistan", "code": "AF" },
      { "name": "Åland", "code": "AX" },
      { "name": "Albania", "code": "AL" },
      { "name": "Algeriet", "code": "DZ" },
      { "name": "Amerikanska Samoa", "code": "AS" },
      { "name": "Andorra", "code": "AD" },
      { "name": "Angola", "code": "AO" },
      { "name": "Anguilla", "code": "AI" },
      { "name": "Antarktis", "code": "AQ" },
      { "name": "Antigua och Barbuda", "code": "AG" },
      { "name": "Argentina", "code": "AR" },
      { "name": "Armenien", "code": "AM" },
      { "name": "Aruba", "code": "AW" },
      { "name": "Australien", "code": "AU" },
      { "name": "Österrike", "code": "AT" },
      { "name": "Azerbaijan", "code": "AZ" },
      { "name": "Bahamas", "code": "BS" },
      { "name": "Bahrain", "code": "BH" },
      { "name": "Bangladesh", "code": "BD" },
      { "name": "Barbados", "code": "BB" },
      { "name": "Belarus", "code": "BY" },
      { "name": "Belgien", "code": "BE" },
      { "name": "Belize", "code": "BZ" },
      { "name": "Benin", "code": "BJ" },
      { "name": "Bermuda", "code": "BM" },
      { "name": "Bhutan", "code": "BT" },
      { "name": "Bolivia", "code": "BO" },
      { "name": "Bosnien och Herzegovina", "code": "BA" },
      { "name": "Botswana", "code": "BW" },
      { "name": "Bouvet Island", "code": "BV" },
      { "name": "Brasilien", "code": "BR" },
      { "name": "British Indian Ocean Territory", "code": "IO" },
      { "name": "Brunei Darussalam", "code": "BN" },
      { "name": "Bulgarien", "code": "BG" },
      { "name": "Burkina Faso", "code": "BF" },
      { "name": "Burundi", "code": "BI" },
      { "name": "Kambodja", "code": "KH" },
      { "name": "Kamerun", "code": "CM" },
      { "name": "Kanada", "code": "CA" },
      { "name": "Cape Verde", "code": "CV" },
      { "name": "Caymanöarna", "code": "KY" },
      { "name": "Central African Republic", "code": "CF" },
      { "name": "Chad", "code": "TD" },
      { "name": "Chile", "code": "CL" },
      { "name": "Kina", "code": "CN" },
      { "name": "Christmas Island", "code": "CX" },
      { "name": "Cocos (Keeling) Islands", "code": "CC" },
      { "name": "Colombia", "code": "CO" },
      { "name": "Comoros", "code": "KM" },
      { "name": "Kongo", "code": "CG" },
      { "name": "Kongo, The Democratic Republic of the", "code": "CD" },
      { "name": "Cook Islands", "code": "CK" },
      { "name": "Costa Rica", "code": "CR" },
      { "name": "Cote D'Ivoire", "code": "CI" },
      { "name": "Kroatien", "code": "HR" },
      { "name": "Kuba", "code": "CU" },
      { "name": "Cypern", "code": "CY" },
      { "name": "Czech Republic", "code": "CZ" },
      { "name": "Danmark", "code": "DK" },
      { "name": "Djibouti", "code": "DJ" },
      { "name": "Dominica", "code": "DM" },
      { "name": "Dominikanska Republiken", "code": "DO" },
      { "name": "Ecuador", "code": "EC" },
      { "name": "Egypten", "code": "EG" },
      { "name": "El Salvador", "code": "SV" },
      { "name": "Equatorial Guinea", "code": "GQ" },
      { "name": "Eritrea", "code": "ER" },
      { "name": "Estland", "code": "EE" },
      { "name": "Etiopien", "code": "ET" },
      { "name": "Falklandsöarna (Malvinas)", "code": "FK" },
      { "name": "Färöarna", "code": "FO" },
      { "name": "Fiji", "code": "FJ" },
      { "name": "Finland", "code": "FI" },
      { "name": "Frankrike", "code": "FR" },
      { "name": "Franska Guyana", "code": "GF" },
      { "name": "Franska Polynesien ", "code": "PF" },
      { "name": "Franska Syd- och Antarktis Territorier TAAF", "code": "TF" },
      { "name": "Gabon", "code": "GA" },
      { "name": "Gambia", "code": "GM" },
      { "name": "Georgien", "code": "GE" },
      { "name": "Tyskland", "code": "DE" },
      { "name": "Ghana", "code": "GH" },
      { "name": "Gibraltar", "code": "GI" },
      { "name": "Grekland", "code": "GR" },
      { "name": "Grönland", "code": "GL" },
      { "name": "Grenada", "code": "GD" },
      { "name": "Guadeloupe", "code": "GP" },
      { "name": "Guam", "code": "GU" },
      { "name": "Guatemala", "code": "GT" },
      { "name": "Guernsey", "code": "GG" },
      { "name": "Guinea", "code": "GN" },
      { "name": "Guinea-Bissau", "code": "GW" },
      { "name": "Guyana", "code": "GY" },
      { "name": "Haiti", "code": "HT" },
      { "name": "Heard Island och McDonald Islands", "code": "HM" },
      { "name": "Vatikanstaten", "code": "VA" },
      { "name": "Honduras", "code": "HN" },
      { "name": "Hong Kong", "code": "HK" },
      { "name": "Ungern", "code": "HU" },
      { "name": "Island", "code": "IS" },
      { "name": "Indien", "code": "IN" },
      { "name": "Indonesien", "code": "ID" },
      { "name": "Iran", "code": "IR" },
      { "name": "Irak", "code": "IQ" },
      { "name": "Irland", "code": "IE" },
      { "name": "Isle of Man", "code": "IM" },
      { "name": "Israel", "code": "IL" },
      { "name": "Italien", "code": "IT" },
      { "name": "Jamaica", "code": "JM" },
      { "name": "Japan", "code": "JP" },
      { "name": "Jersey", "code": "JE" },
      { "name": "Jordanien", "code": "JO" },
      { "name": "Kazakstan", "code": "KZ" },
      { "name": "Kenya", "code": "KE" },
      { "name": "Kiribati", "code": "KI" },
      { "name": "Nordkorea", "code": "KP" },
      { "name": "Sydkorea", "code": "KR" },
      { "name": "Kuwait", "code": "KW" },
      { "name": "Kyrgyzstan", "code": "KG" },
      { "name": "Laos", "code": "LA" },
      { "name": "Lettland", "code": "LV" },
      { "name": "Libanon", "code": "LB" },
      { "name": "Lesotho", "code": "LS" },
      { "name": "Liberia", "code": "LR" },
      { "name": "Libyen", "code": "LY" },
      { "name": "Liechtenstein", "code": "LI" },
      { "name": "Litauen", "code": "LT" },
      { "name": "Luxemburg", "code": "LU" },
      { "name": "Macao", "code": "MO" },
      { "name": "Nordmakedonien", "code": "MK" },
      { "name": "Madagaskar", "code": "MG" },
      { "name": "Malawi", "code": "MW" },
      { "name": "Malaysia", "code": "MY" },
      { "name": "Maldiverna", "code": "MV" },
      { "name": "Mali", "code": "ML" },
      { "name": "Malta", "code": "MT" },
      { "name": "Marshall Islands", "code": "MH" },
      { "name": "Martinique", "code": "MQ" },
      { "name": "Mauritania", "code": "MR" },
      { "name": "Mauritius", "code": "MU" },
      { "name": "Mayotte", "code": "YT" },
      { "name": "Mexico", "code": "MX" },
      { "name": "Micronesia, Federated States of", "code": "FM" },
      { "name": "Moldova, Republic of", "code": "MD" },
      { "name": "Monaco", "code": "MC" },
      { "name": "Mongoliet", "code": "MN" },
      { "name": "Montserrat", "code": "MS" },
      { "name": "Marocko", "code": "MA" },
      { "name": "Mozambique", "code": "MZ" },
      { "name": "Myanmar", "code": "MM" },
      { "name": "Namibia", "code": "NA" },
      { "name": "Nauru", "code": "NR" },
      { "name": "Nepal", "code": "NP" },
      { "name": "Nederländerna", "code": "NL" },
      { "name": "Nederländska Antillerna", "code": "AN" },
      { "name": "Nya Kaledonien", "code": "NC" },
      { "name": "Nya Zeeland", "code": "NZ" },
      { "name": "Nicaragua", "code": "NI" },
      { "name": "Niger", "code": "NE" },
      { "name": "Nigeria", "code": "NG" },
      { "name": "Niue", "code": "NU" },
      { "name": "Norfolkön", "code": "NF" },
      { "name": "Nordmarianerna", "code": "MP" },
      { "name": "Norge", "code": "NO" },
      { "name": "Oman", "code": "OM" },
      { "name": "Pakistan", "code": "PK" },
      { "name": "Palau", "code": "PW" },
      { "name": "Palestinska områden", "code": "PS" },
      { "name": "Panama", "code": "PA" },
      { "name": "Papua Nya Guinea", "code": "PG" },
      { "name": "Paraguay", "code": "PY" },
      { "name": "Peru", "code": "PE" },
      { "name": "Filippinerna", "code": "PH" },
      { "name": "Pitcairnöarna", "code": "PN" },
      { "name": "Polen", "code": "PL" },
      { "name": "Portugal", "code": "PT" },
      { "name": "Puerto Rico", "code": "PR" },
      { "name": "Qatar", "code": "QA" },
      { "name": "Réunion", "code": "RE" },
      { "name": "Rumänien", "code": "RO" },
      { "name": "Ryssland", "code": "RU" },
      { "name": "Rwanda", "code": "RW" },
      { "name": "Saint Helena", "code": "SH" },
      { "name": "Saint Kitts och Nevis", "code": "KN" },
      { "name": "Saint Lucia", "code": "LC" },
      { "name": "Saint-Pierre och Miquelon", "code": "PM" },
      { "name": "Saint Vincent och Grenadinerna", "code": "VC" },
      { "name": "Samoa", "code": "WS" },
      { "name": "San Marino", "code": "SM" },
      { "name": "São Tomé och Príncipe", "code": "ST" },
      { "name": "Saudiarabien", "code": "SA" },
      { "name": "Senegal", "code": "SN" },
      { "name": "Serbien och Montenegro", "code": "CS" },
      { "name": "Seychellerna", "code": "SC" },
      { "name": "Sierra Leone", "code": "SL" },
      { "name": "Singapore", "code": "SG" },
      { "name": "Slovakien", "code": "SK" },
      { "name": "Slovenien", "code": "SI" },
      { "name": "Salomonöarna", "code": "SB" },
      { "name": "Somalien", "code": "SO" },
      { "name": "Sydafrika", "code": "ZA" },
      { "name": "Sydgeorgien och Sydsandwichöarna", "code": "GS" },
      { "name": "Spanien", "code": "ES" },
      { "name": "Sri Lanka", "code": "LK" },
      { "name": "Sudan", "code": "SD" },
      { "name": "Surinam", "code": "SR" },
      { "name": "Svalbard och Jan Mayen", "code": "SJ" },
      { "name": "Swaziland", "code": "SZ" },
      { "name": "Sverige", "code": "SE" },
      { "name": "Schweiz", "code": "CH" },
      { "name": "Syrien", "code": "SY" },
      { "name": "Taiwan", "code": "TW" },
      { "name": "Tajikistan", "code": "TJ" },
      { "name": "Tanzania", "code": "TZ" },
      { "name": "Thailand", "code": "TH" },
      { "name": "Östtimor", "code": "TL" },
      { "name": "Togo", "code": "TG" },
      { "name": "Tokelauöarna", "code": "TK" },
      { "name": "Tonga", "code": "TO" },
      { "name": "Trinidad och Tobago", "code": "TT" },
      { "name": "Tunisien", "code": "TN" },
      { "name": "Turkiet", "code": "TR" },
      { "name": "Turkmenistan", "code": "TM" },
      { "name": "Turks- och Caicosöarna", "code": "TC" },
      { "name": "Tuvalu", "code": "TV" },
      { "name": "Uganda", "code": "UG" },
      { "name": "Ukraina", "code": "UA" },
      { "name": "Förenade arabemiraten", "code": "AE" },
      { "name": "Storbritannien", "code": "GB" },
      { "name": "Amerikas förenta stater", "code": "US" },
      { "name": "USA:s yttre öar", "code": "UM" },
      { "name": "Uruguay", "code": "UY" },
      { "name": "Uzbekistan", "code": "UZ" },
      { "name": "Vanuatu", "code": "VU" },
      { "name": "Venezuela", "code": "VE" },
      { "name": "Vietnam", "code": "VN" },
      { "name": "Brittiska Jungfruöarna", "code": "VG" },
      { "name": "Amerikanska Jungfruöarna ", "code": "VI" },
      { "name": "Wallis- och Futunaöarna", "code": "WF" },
      { "name": "Västsahara", "code": "EH" },
      { "name": "Jemen", "code": "YE" },
      { "name": "Zambia", "code": "ZM" },
      { "name": "Zimbabwe", "code": "ZW" }
    ]
  }
]
